avaliacaoid,matriculaid,cursoid,nome_prova,nota_prova,tipo_avaliacao,comentario,data_avaliacao
1,135,9,prova,9,extra,Odio voluptatem quos et atque facilis accusantium. Quaerat ratione commodi ab excepturi neque molestiae possimus. Accusamus eaque blanditiis amet necessitatibus corrupti eos.,2025-05-16
2,210,7,teste,8,comum,Ea in quod sit. Saepe dolore cumque iusto consectetur. Aspernatur ad magni eos ullam maxime vero.,2025-10-14
3,6,2,prova,10,extra,Adipisci explicabo officia quidem iusto aliquid distinctio consequuntur. Aspernatur eveniet dolor autem.,2024-08-13
4,116,19,prova,8,extra,Ducimus sed sint nihil assumenda quam consectetur. Expedita quae corporis facere vitae.,2024-10-25
5,189,2,teste,10,comum,Distinctio in pariatur laborum ratione. Eveniet ratione aliquid voluptates est exercitationem.,2025-02-28
6,76,10,teste,8,comum,"Eligendi aliquam quis quibusdam repellendus ullam. Repellat aliquam aspernatur ut explicabo officiis.
Reprehenderit minus voluptatem iusto vel at quod cupiditate. Error doloremque aperiam voluptate.",2024-05-26
7,105,2,teste,7,final,"Enim sed dolores suscipit explicabo consequatur. Iste ratione esse quaerat unde consequuntur.
Deleniti iste facere dolor qui. Aut fugit dolore nemo. Dolorem modi facere id.",2024-04-02
8,61,20,teste,9,final,"Ipsam facere excepturi explicabo ipsam. Porro corporis repudiandae adipisci hic a sequi in.
Facere quam ratione consequatur illum est aliquam. Animi perferendis iusto dolorum.",2024-03-31
9,164,9,prova,10,extra,Deleniti nostrum iusto similique animi. Fugit quia repellendus sunt ullam autem doloribus. Odio voluptatem alias atque.,2025-08-17
10,176,19,prova,9,final,"Pariatur tempora qui et. Incidunt vel a id architecto. Sequi id voluptatem iste repellendus nam.
Rerum blanditiis quae ullam quas blanditiis adipisci distinctio. Facilis facilis amet.",2024-09-22
11,39,1,teste,9,comum,"Ducimus mollitia necessitatibus possimus. Ab explicabo asperiores est. Deserunt facilis id temporibus provident quo cupiditate.
A adipisci possimus cumque quae. Amet quisquam cum dolor.",2024-12-17
12,99,18,teste,10,comum,Rerum laudantium at ut voluptate. Quaerat quibusdam est provident eum cumque cum.,2024-09-08
13,98,11,teste,10,extra,"Vitae quia ut veritatis sequi expedita ex debitis. Quaerat fugit labore placeat veritatis.
Nam fuga quaerat neque quidem in exercitationem. Ad error quisquam. Ducimus beatae voluptatum.",2024-01-20
14,83,3,prova,10,comum,"Neque debitis eius culpa. Corrupti provident reiciendis occaecati.
Explicabo modi dignissimos dolores eos minus veritatis. Quidem beatae at dolores adipisci assumenda.",2024-03-26
15,1,14,teste,9,final,Illo repellat nisi doloribus ab dolorem porro. Tempore voluptatum exercitationem praesentium deserunt fugit. Nemo quibusdam sint dolores nulla recusandae nostrum.,2023-12-26
16,71,14,prova,9,comum,Maxime consequuntur molestiae quia aliquam ratione maiores magni. Pariatur quidem error. Dolor eos reprehenderit id cum eveniet.,2024-11-17
17,102,17,prova,10,extra,Pariatur numquam cumque illo repudiandae. Quas excepturi fugit recusandae quae veniam maiores. Architecto ut voluptas harum ea maiores unde.,2024-09-02
18,81,4,prova,7,extra,"Deserunt facilis unde accusantium dolorem. Doloremque iste itaque quia minus facere ad sequi.
Voluptatibus facilis vel quae eveniet fugiat. Rem fugit excepturi recusandae necessitatibus nobis vitae.",2025-10-22
19,78,9,teste,10,comum,Neque quidem dolorem culpa earum error nisi. Doloribus id beatae aperiam amet numquam repellendus non. Nihil numquam quia quod beatae.,2024-07-24
20,63,1,teste,7,comum,Ut sint similique commodi pariatur doloribus natus. Velit ipsa praesentium temporibus expedita quo numquam sed.,2024-03-07
21,20,19,prova,10,extra,Repudiandae corporis accusamus neque sapiente. Excepturi aliquam ut saepe consequatur. Eos eaque a sunt.,2024-11-12
22,95,7,prova,8,extra,Officia velit tempora beatae molestiae nostrum ex maxime. Placeat inventore corrupti cum beatae laboriosam. Sed perspiciatis ipsa debitis tenetur.,2023-12-07
23,156,18,prova,9,comum,A dolor ab mollitia magni. Molestias odit quo culpa. Architecto ullam optio fugiat occaecati neque similique.,2025-07-06
24,125,17,prova,8,final,Autem aliquam laboriosam hic ipsum. Aut architecto eligendi exercitationem. Tempore non commodi vero ducimus consectetur fuga.,2025-10-14
25,21,8,teste,10,final,Error aspernatur numquam officiis temporibus. Quis deleniti aliquid dignissimos provident.,2025-08-20
26,9,8,prova,10,comum,Distinctio odit aspernatur eos vel temporibus tenetur. Magni laboriosam facilis iste animi esse saepe.,2025-05-05
27,161,8,prova,10,final,"Magni corporis ipsam aliquid nesciunt magni earum atque. Commodi officiis voluptate neque enim reprehenderit.
Sunt accusantium impedit. Beatae numquam optio quidem tempora sunt.",2025-08-01
28,98,18,teste,8,comum,Eaque repudiandae fugiat ab reiciendis possimus. Doloremque dignissimos tempore eligendi repudiandae.,2024-12-06
29,150,4,teste,8,comum,"Assumenda ut excepturi libero. Aliquid tempora corrupti adipisci. Nesciunt labore accusamus ipsa dolore.
Tempore cumque voluptatibus ipsum. Totam ad officia.",2025-01-26
30,131,10,teste,7,extra,Nam nisi libero quo suscipit minus. Voluptate excepturi perspiciatis vero totam numquam deleniti sunt.,2025-08-25
31,49,15,prova,7,extra,Culpa neque nisi quia. Mollitia voluptatibus expedita vero alias. Omnis mollitia in quis. Dicta enim beatae aspernatur.,2025-10-10
32,70,4,prova,8,extra,Aperiam quod corporis dicta blanditiis. Unde dolorem voluptatem. Optio omnis id voluptatum dolor facere. Labore esse commodi ut.,2024-10-25
33,1,6,teste,7,comum,Perferendis laboriosam ducimus eligendi. Quas aperiam deserunt temporibus ut. Eligendi voluptate ad eveniet ducimus.,2024-09-18
34,105,5,teste,10,extra,"Eligendi eaque dolorem officia.
Facere nemo optio. Eaque fugiat magnam laborum ab nisi.",2024-05-15
35,55,17,prova,7,extra,Corporis magnam dicta unde ut cupiditate culpa. Similique eligendi quae cum asperiores repudiandae esse architecto.,2024-08-09
36,58,13,prova,10,extra,Quaerat aut veniam nobis quaerat quidem. Numquam minima sequi sequi architecto dolorum. Dolore rem perferendis minus sequi deserunt labore.,2024-01-23
37,180,6,teste,7,extra,Labore nesciunt quisquam fuga dolores. Saepe sunt tenetur commodi magni. Aspernatur dolor soluta doloremque reprehenderit adipisci quibusdam.,2024-05-01
38,203,3,teste,8,extra,"Debitis iure nostrum.
Cumque nostrum accusamus illum ab nemo inventore. Laudantium nam ad debitis. Possimus sint delectus placeat.",2024-06-10
39,163,18,teste,10,final,"Maxime temporibus deserunt. Eum nam reprehenderit earum officia aliquam.
Eum minima quasi dignissimos adipisci beatae. Magni dolorum corporis.",2024-04-29
40,187,1,teste,9,extra,"Ut occaecati quos dolores recusandae rem veniam. Facilis ipsum eveniet velit. Dolores consequuntur accusamus reiciendis quasi nobis.
Voluptas neque vel libero at numquam earum.",2025-09-25
41,19,2,prova,7,comum,Modi sunt commodi a possimus. Commodi aspernatur minus nulla. Amet nulla omnis facilis aspernatur architecto adipisci.,2024-05-25
42,183,12,prova,7,extra,Suscipit exercitationem vero quo praesentium vitae odio. Modi rem assumenda aspernatur consectetur.,2025-06-22
43,99,18,prova,8,final,Dolor totam consequatur ducimus iure at ut. Cupiditate molestiae reiciendis dolores. Tempora aliquam earum beatae temporibus numquam.,2025-05-10
44,140,16,prova,7,final,Quibusdam inventore modi debitis facilis corporis facere praesentium.,2025-01-26
45,174,20,teste,9,final,"Debitis ullam quos voluptas dignissimos veniam. At quos corporis.
Officia dolor nesciunt harum iusto asperiores.
Pariatur voluptate error aut. Corrupti eveniet deserunt eius.",2024-06-03
46,52,7,prova,9,final,"Maiores accusamus unde sunt maiores quidem magnam.
Inventore odit veritatis sunt iste ea. Aut amet totam quam porro debitis.",2024-12-30
47,142,12,teste,8,final,"Ut perferendis dignissimos. Mollitia sequi aperiam ea distinctio.
Quis nam minus. Nesciunt officiis sit eveniet quibusdam repellat tempora. Dolore itaque enim ipsum atque.",2024-08-20
48,143,20,teste,9,extra,Nihil praesentium deleniti earum deserunt. Id omnis eius ratione. Beatae ea perferendis molestias vero.,2024-02-02
49,118,16,prova,9,extra,Quisquam perspiciatis voluptatem. Deleniti eius sequi tempora. Voluptatum quam fugit impedit iusto repudiandae saepe. Similique et dolore ea ducimus commodi earum.,2024-10-01
50,6,1,teste,10,extra,"Unde tempore dolores alias iure ab nesciunt. Molestias necessitatibus earum veniam incidunt voluptatibus.
Pariatur asperiores laudantium facere. Incidunt quibusdam enim voluptas neque.",2024-09-06
51,34,9,prova,8,final,Ut qui molestias minima veritatis rem rerum. Non in hic blanditiis officiis. Id recusandae iusto ea eum. Nihil officiis doloremque reprehenderit.,2024-08-11
52,170,8,prova,8,comum,Fuga hic officia magnam. Sapiente eveniet dolor totam sequi aliquid. Est tempore dignissimos modi esse maxime.,2023-11-02
53,92,1,teste,7,comum,Facilis nisi quas perferendis pariatur. Incidunt facilis aliquam natus similique est. Provident vero autem eveniet laboriosam. Voluptatum minus temporibus ex vel.,2023-11-27
54,54,4,teste,10,extra,"Ab doloribus facere quisquam.
Aut dignissimos mollitia et rerum. Facilis provident nihil accusantium inventore.",2024-02-17
55,208,2,teste,7,comum,"Distinctio nam quia non laboriosam maiores pariatur tempore. Deserunt dolore fuga sit magni iusto. Perspiciatis ducimus sint repellendus.
Explicabo optio fuga cum. Placeat odio illo.",2024-08-03
56,87,20,prova,10,final,"Sunt minus recusandae labore beatae praesentium modi. Tenetur iusto sint nostrum. Odit dolor sed similique pariatur natus.
Sed cum deleniti inventore ea inventore reprehenderit.",2025-08-05
57,129,16,prova,9,final,"Corporis architecto repellendus unde. Dicta provident quis itaque animi fugiat. Sed corporis error.
Alias animi quaerat laudantium occaecati eos. Atque odio eveniet possimus exercitationem tempora.",2025-06-17
58,26,5,teste,7,final,Reiciendis provident corrupti ratione omnis. Quasi dolorem excepturi quam. Perspiciatis quo placeat aperiam ducimus cum doloremque.,2024-10-24
59,9,18,teste,8,final,"Ipsum nostrum ipsum. Debitis inventore quos ipsam magni non.
Officia atque animi quo ut perspiciatis vel qui. Corporis labore temporibus tempore dolore recusandae excepturi. Quibusdam cumque quam.",2025-04-25
60,149,5,teste,7,comum,"Quam vero corrupti laudantium. Aut amet ullam.
Unde debitis consectetur natus. Ut facere mollitia blanditiis enim ipsum autem. Placeat reprehenderit corrupti fugit suscipit.",2024-06-30
61,182,13,prova,9,extra,"Architecto ipsa omnis explicabo ipsa. Esse expedita unde laudantium ex deleniti reiciendis quia.
Veniam quasi sunt. Quis et quia ullam. Debitis rerum quos fuga.",2024-06-14
62,29,4,teste,9,comum,Quasi repellat natus asperiores. Earum inventore fuga eligendi reiciendis aliquam recusandae.,2024-01-28
63,164,19,prova,10,comum,"Doloremque perspiciatis cumque et. Dolorum excepturi odio error perspiciatis.
Aspernatur amet vero facere vitae aut. Eaque illo veniam iusto.",2024-06-17
64,95,1,prova,7,final,Natus corrupti dicta doloremque animi doloribus. Illum excepturi quae est similique repellendus. Consequatur fugiat velit dolor.,2025-10-15
65,95,17,teste,10,extra,Aspernatur dolore perspiciatis id pariatur. Enim dicta laudantium vitae reprehenderit doloremque.,2025-01-06
66,4,2,prova,7,extra,"Cupiditate ipsam officiis. Itaque assumenda atque at. Sunt inventore accusantium repellendus.
Sint deleniti illum incidunt.
Consequuntur magnam nesciunt est voluptatibus ipsam.",2025-07-21
67,30,12,teste,9,extra,"Nam rem rerum soluta fuga dolor dolorum est. Quibusdam quod laborum earum.
Deleniti consequuntur velit velit optio esse nobis explicabo.",2025-04-03
68,86,7,prova,10,extra,"Illo eaque dolores quaerat eius facilis.
Est molestiae in ducimus quas cum. Ducimus beatae blanditiis aperiam ea nam sit exercitationem. Cum officia labore ea.",2025-08-14
69,1,10,prova,7,final,"Nulla quidem in impedit at quia. Eveniet perspiciatis iure debitis rerum sequi ducimus. Ex aliquid fugit illo dolor dicta pariatur.
Est soluta repudiandae.",2024-01-28
70,66,9,teste,9,extra,"Pariatur ipsam quia recusandae. Animi eius rem sequi distinctio error.
Ullam debitis numquam quidem quas. Velit molestias animi ea deleniti est. Saepe recusandae ea eius voluptates magnam eos.",2025-10-08
71,139,17,prova,9,extra,"Eaque commodi repudiandae eaque veniam quam doloremque illum. Quam saepe sunt ratione quisquam praesentium quod.
Fugiat repellendus possimus blanditiis. Ea a aliquam nobis unde.",2024-06-06
72,159,1,teste,8,comum,Molestiae alias architecto quasi odit quo. Nemo earum atque nisi assumenda.,2024-02-27
73,161,18,prova,10,final,"Voluptates perferendis animi eligendi. Maxime autem cum quibusdam pariatur sit.
Quia earum harum itaque aperiam ipsum pariatur. Iste sapiente placeat commodi eum dolorem nemo.",2025-01-19
74,4,16,teste,8,final,"Aspernatur unde occaecati consectetur consequatur.
Cupiditate iure nisi rerum quas vel. Consectetur minus architecto quasi est soluta qui a. Rem hic error autem nostrum.",2024-06-08
75,45,20,prova,9,comum,"Voluptatibus magnam ea sequi voluptatum minus.
Cum aut voluptatibus quaerat eos a. Non delectus aliquam consequuntur modi ducimus.",2025-07-19
76,82,13,teste,9,final,Temporibus tenetur dolorum quis corporis. Molestiae atque molestias saepe quos reiciendis temporibus.,2024-09-02
77,11,10,teste,8,comum,"Nostrum iste veniam illo odit quo.
Magni similique laudantium ducimus architecto. Voluptatum debitis maiores fugiat molestias. Quam vel cum.",2024-11-09
78,170,2,prova,10,final,Vel fugit quia perferendis magni ex voluptatem. Id pariatur debitis inventore dicta delectus dolor labore. Maiores totam fugit dignissimos.,2025-02-15
79,44,7,teste,7,comum,"Sint maxime rem impedit.
Harum minus facilis sunt doloribus alias nam. Odio quod nobis architecto. Veritatis provident voluptate vero ut.",2025-09-27
80,49,7,teste,7,final,"Dolore esse voluptas mollitia. Impedit excepturi repudiandae temporibus nisi.
Doloribus inventore eos sit quibusdam corrupti possimus. Deserunt omnis quod architecto enim nemo ut esse.",2025-06-12
81,200,19,prova,9,comum,Totam repellat veritatis eos eos totam nulla. Fugit similique sunt fugiat culpa.,2024-06-19
82,129,20,teste,9,extra,Deserunt quasi minima blanditiis veritatis labore laboriosam. Consequatur nisi delectus cumque quia beatae.,2024-01-13
83,199,1,prova,8,comum,Dolorem nulla saepe aliquid alias optio. Nam facere adipisci vero rerum. Aperiam totam nihil id sapiente iste consequuntur. Corrupti eos facere aspernatur reprehenderit.,2024-01-29
84,34,8,prova,10,comum,"Ullam blanditiis nihil eveniet delectus totam dicta. Nisi enim officiis officia exercitationem.
Harum non enim voluptatem ullam nemo reprehenderit. Error adipisci qui nihil nihil.",2024-11-14
85,107,5,teste,10,extra,Ipsam occaecati reiciendis incidunt doloribus. Commodi iusto amet fuga ad. Labore numquam consequatur quisquam voluptatem.,2025-08-03
86,6,5,prova,7,final,Impedit commodi asperiores tenetur. Ullam est eos ducimus suscipit est praesentium. Sapiente explicabo animi mollitia iste vitae itaque. Alias ea omnis occaecati consequatur molestiae minus.,2025-06-30
87,190,18,prova,10,final,Optio laudantium consequuntur fugit ab explicabo minus.,2025-01-11
88,130,7,prova,10,comum,Ab vero dolorum. A quibusdam debitis nulla ipsum. Sapiente debitis at eveniet veritatis. Delectus illum maxime.,2025-05-10
89,211,1,prova,10,extra,Magni eos tempore molestias porro in sequi. Cumque impedit optio est minus magni ullam incidunt. Officiis velit minus distinctio accusantium.,2024-05-03
90,11,1,prova,10,extra,Omnis repellat sed occaecati.,2025-06-26
91,27,9,prova,7,extra,"Possimus excepturi laudantium eligendi. Aliquid dicta iste eaque.
Maiores maiores error deserunt iusto. Dignissimos aliquam harum id.",2025-06-15
92,17,8,teste,8,extra,"Maxime numquam modi iusto porro illum illum. Ullam quod repellendus dolore alias quae.
Illum nobis pariatur quod temporibus.",2024-04-27
93,114,7,prova,7,comum,Nam quibusdam cupiditate amet impedit nostrum animi. Sit unde commodi quia animi nulla veniam labore. Quis suscipit commodi odit maiores inventore. Mollitia tempora dignissimos minima suscipit totam.,2025-02-23
94,178,6,prova,9,comum,Delectus ex repellendus temporibus eos libero. Excepturi blanditiis eius nam dignissimos accusantium quibusdam. Placeat fugiat nulla similique amet.,2024-07-31
95,138,2,teste,9,extra,"Nam officia praesentium. Quos officia modi. Aut dolore veritatis.
Eaque praesentium nesciunt magnam illo explicabo quas. Quibusdam voluptas alias vitae culpa consectetur sunt.",2023-11-24
96,65,9,prova,9,final,"Odio tempore rerum autem a. Necessitatibus iure atque dolorum.
Quo ullam at possimus porro accusantium unde. Aperiam veniam quos dignissimos error nam tenetur. Numquam ipsum ex animi.",2024-06-17
97,165,1,teste,9,comum,Nobis corporis numquam possimus magni quam. Quos dolorum officiis molestiae iure repellendus. Occaecati repellendus ab maiores harum magni.,2024-10-24
98,20,20,teste,8,extra,Pariatur magnam necessitatibus odit perspiciatis consequatur nostrum. Recusandae reiciendis fugiat debitis tempore quam beatae asperiores.,2024-12-21
99,136,10,prova,9,comum,Minus fugiat maxime nemo consequuntur voluptatum in blanditiis. Deserunt consectetur consectetur placeat.,2024-01-31
100,62,18,teste,7,comum,Mollitia fuga saepe placeat. Cumque cumque quae ratione odit odit soluta in. Ratione perspiciatis consequatur ducimus illum sint blanditiis.,2024-05-13
101,72,3,prova,4,comum,Necessitatibus consequatur nisi eius. Aliquam tenetur ullam magni eligendi. Totam nam unde ratione. Libero pariatur ipsum laudantium rerum alias porro.,2024-03-03
102,99,1,prova,3,extra,"Id quaerat amet impedit. Doloremque iusto laboriosam quaerat facilis quod cupiditate.
Temporibus accusamus inventore veritatis est. Animi impedit laborum exercitationem.",2025-08-15
103,177,15,prova,6,final,Nihil fuga aperiam ullam atque. In ex nobis qui facilis cum possimus quia. Dolores voluptas optio corporis fuga soluta deleniti.,2025-10-14
104,82,15,prova,6,comum,Ipsam similique earum quo suscipit. Quas beatae delectus doloribus.,2025-03-07
105,92,11,teste,3,final,Ab perspiciatis praesentium incidunt. Vitae aliquid iusto enim odit. Corrupti nulla ullam provident aliquam exercitationem.,2025-06-21
106,87,5,prova,4,comum,"Sint veritatis aliquam quos sunt voluptatem error amet. Tenetur accusantium odit. Earum deserunt tempora placeat.
Quia alias ullam. Quisquam culpa debitis ab modi illum totam.",2024-01-30
107,47,15,prova,3,extra,"Minima error deserunt qui mollitia.
Labore reiciendis eius ducimus sit veritatis asperiores.
Maxime necessitatibus tempora ratione tempore. Autem iusto beatae ea dolor.",2025-08-02
108,92,19,prova,3,extra,"Commodi doloremque repellat eius dolore rem. Quisquam at rem aut ex rem architecto. Accusamus officiis consequuntur ab nostrum cum.
Nam quo reprehenderit eius.",2024-09-30
109,171,8,prova,6,extra,"Vitae perferendis harum nobis officiis molestias ea dolorum.
Ut quaerat consectetur nihil tempore. Accusantium aperiam recusandae facere eveniet. Quod repellat soluta ad ut blanditiis ea.",2024-12-26
110,79,2,prova,6,extra,Laboriosam libero laboriosam unde pariatur odit. Recusandae esse consequuntur sit.,2023-11-09
111,65,4,prova,3,comum,"Vel magni mollitia placeat.
Voluptate eaque voluptatibus maiores quidem hic maiores. Numquam soluta repellendus laboriosam beatae esse ducimus.",2024-12-01
112,121,12,teste,5,final,"Error nulla suscipit voluptates. Sed quasi deserunt sint voluptatum quibusdam.
Architecto ex esse reiciendis sit cupiditate laborum inventore. Corporis officiis natus assumenda aliquid numquam.",2025-04-03
113,100,7,prova,5,comum,Nostrum dolorum eos praesentium nihil recusandae perspiciatis. Praesentium molestias mollitia accusantium. Ex atque quasi ad aspernatur repudiandae.,2023-11-28
114,175,13,prova,6,comum,"Culpa quae rerum. Et placeat alias.
Necessitatibus voluptatem animi. Ab blanditiis at vitae. Similique ex eum sunt.
A quisquam temporibus ratione molestias explicabo recusandae quam.",2024-01-29
115,121,1,teste,3,extra,Praesentium exercitationem aliquam eligendi ratione natus. Hic doloribus perferendis non itaque dolor maiores voluptates.,2024-12-22
116,20,20,prova,6,final,Iure delectus numquam natus. Repellendus voluptatem fuga accusamus ad expedita vitae neque. Necessitatibus impedit quisquam modi rerum aliquam quaerat.,2025-02-05
117,10,11,teste,6,final,"Eius quas aut sequi. Cumque odio eveniet quisquam.
Excepturi voluptatum tenetur veritatis. Rerum sequi odit rem nisi.
Eveniet eos repellat. Inventore eveniet magnam magnam est neque porro.",2025-03-29
118,96,14,prova,3,final,Assumenda consequuntur alias sed architecto. Nihil numquam omnis voluptatum numquam quibusdam. Ipsum fugit blanditiis culpa pariatur rerum. Voluptatibus temporibus corrupti et modi numquam quidem.,2024-07-25
119,17,19,prova,5,final,Ullam modi autem deleniti velit voluptas ipsam. Eum totam temporibus atque. Id illo praesentium omnis.,2024-10-24
120,40,12,teste,6,comum,Quidem deserunt pariatur culpa nostrum architecto officia. Impedit libero tempora porro.,2023-12-10
121,148,14,prova,4,comum,Molestias itaque quia quis laudantium repellendus. Saepe temporibus ratione repellat quidem magnam. Assumenda voluptate perspiciatis quia.,2024-11-12
122,152,3,teste,6,final,"Iste aliquid delectus nisi. Quae ab deserunt facere illo reiciendis.
Dolor alias illo optio vel ducimus. Iure sed incidunt pariatur laborum adipisci.",2023-11-07
123,111,13,prova,6,final,Molestiae corrupti natus quidem voluptate soluta impedit natus. Officiis voluptas eos animi saepe optio eveniet.,2025-09-20
124,166,6,prova,6,comum,"Dignissimos aspernatur architecto nesciunt consectetur sed nisi. Incidunt corporis animi optio quia.
Enim sit dolorem perferendis nihil dignissimos. Consectetur soluta molestias suscipit assumenda.",2025-10-02
125,187,13,teste,3,comum,"Perspiciatis eveniet maxime sed illum dolor libero. Blanditiis eos vel itaque.
Vitae perspiciatis id in. Magni officiis distinctio accusantium officia.
Qui molestiae enim similique.",2024-08-08
126,48,15,teste,5,comum,"Saepe consequuntur quo. Fugiat sequi ex. Deserunt quaerat illo maiores quibusdam natus.
Saepe harum iste hic ipsa.",2024-06-08
127,5,5,teste,4,extra,"Vero odit consequuntur a enim maxime. Fugiat ipsa eligendi necessitatibus. Molestiae numquam dignissimos aut.
Aliquam facilis eos molestias laudantium quae. Quidem similique laudantium.",2025-06-13
128,129,3,teste,6,final,Deserunt voluptas perspiciatis. Eos eos sunt illo facere. Libero velit atque quibusdam consectetur. Nobis quia harum dolor corporis perspiciatis.,2024-03-24
129,111,19,teste,4,comum,"Ducimus fugit consectetur quae. Vero consectetur similique quam. Illo ipsa maxime quaerat magnam suscipit.
Laudantium illum eos unde tenetur amet sequi. Magnam autem sequi sint sapiente pariatur.",2025-05-08
130,30,9,prova,4,extra,A porro possimus qui quas magnam voluptatem. Voluptas illo ipsa. Ad earum voluptatibus adipisci accusantium repellendus possimus tempore. Nemo animi magni nobis explicabo.,2025-05-24
131,110,18,prova,6,extra,"Illo animi ipsam fuga eveniet. Placeat quos labore. Inventore harum fuga labore quaerat.
Suscipit fuga earum. Voluptatum quam voluptates eos. Error expedita magnam deleniti totam.",2025-05-08
132,155,19,prova,5,comum,Quos perspiciatis minus architecto adipisci ullam. Eos cumque pariatur. Quaerat eaque maxime eius recusandae voluptate itaque.,2024-11-29
133,50,10,prova,6,extra,"Iste nostrum voluptatibus sapiente dolore quisquam repudiandae illum. Libero debitis ipsa officiis. Delectus eligendi saepe voluptatem.
Ex sapiente eaque voluptas ratione beatae nam.",2025-01-01
134,138,2,prova,4,extra,"Hic iure rem vel enim. Alias dolore a voluptatum ratione odio.
Distinctio eos ullam eaque. Voluptas cupiditate sequi corrupti eos sequi.",2024-05-08
135,61,11,prova,4,comum,"Vero iste blanditiis saepe non. Qui cupiditate veniam sunt ipsa quidem error sapiente.
In qui ea hic. Esse iste quibusdam perspiciatis laudantium. Quae eum reiciendis eum explicabo fuga.",2025-02-15
136,161,7,prova,3,extra,Molestiae ullam distinctio et enim nulla neque. Ut officiis nulla exercitationem molestias nihil totam repudiandae. Repellat fugit numquam ratione tempore numquam cumque.,2024-04-07
137,149,18,prova,4,final,Iste dicta velit. Eos vel consequatur dicta. Tempora at sunt dignissimos culpa sint reprehenderit.,2024-01-22
138,67,11,teste,3,comum,Vero debitis voluptatem nulla sunt aliquam tempore. Dignissimos consectetur officiis quas veniam commodi modi quas.,2024-05-18
139,44,20,prova,6,final,"Provident ad eos. Cum iusto eveniet dicta iusto. Iste consequatur illum reiciendis.
Non illum quasi sequi necessitatibus perferendis. Animi explicabo similique tempora error.",2024-04-19
140,150,6,prova,6,comum,Nemo minus perspiciatis ea itaque neque. Distinctio autem voluptatibus. Libero aspernatur voluptatem asperiores quae vitae sapiente.,2025-09-10
141,133,3,teste,4,extra,Illo delectus tempora expedita. Ad omnis reprehenderit totam. Suscipit ratione sint architecto quasi deserunt vero.,2025-01-08
142,179,4,prova,6,extra,Repellendus culpa itaque non ducimus. Exercitationem enim eum natus minima. Quae fuga quidem veritatis.,2025-07-18
143,64,2,prova,3,comum,"Expedita quae harum. Sapiente dolore dolorum.
Dicta nam nobis facere quasi ipsam. Accusantium ab fugit voluptatem rem ullam itaque laudantium. Aliquid commodi ab quaerat illum porro exercitationem.",2025-08-27
144,111,17,teste,3,final,"Culpa veritatis veniam enim enim sequi hic. Autem facilis tenetur sit voluptatem recusandae eveniet.
Quis accusantium sit quo officia aspernatur et. Dolor sunt voluptates nostrum praesentium quam.",2023-12-06
145,81,18,teste,4,extra,Tempora corrupti neque corrupti eos reiciendis magnam. Magni eveniet commodi occaecati sequi.,2024-07-10
146,117,16,prova,3,extra,"Eius nihil dignissimos ut molestiae molestias. Dolor praesentium officiis inventore eligendi consequuntur aut sint. Nulla labore illo consequuntur.
Velit at soluta. Accusamus velit sed.",2024-12-22
147,144,20,teste,4,final,"Repellendus quo eius est placeat. Quam tempore quod itaque optio molestiae.
Distinctio nobis blanditiis numquam eligendi quaerat ullam.",2024-06-25
148,102,12,prova,5,comum,Similique explicabo ad aperiam. Tempora commodi quos dignissimos. Dolorum aut nulla error amet nulla. Eum quasi cum aperiam consequuntur nam.,2024-11-06
149,176,15,prova,4,final,"Autem nulla nemo voluptate porro eius laboriosam.
Quidem voluptates incidunt aspernatur iusto. Omnis aliquam veniam consectetur porro vel dolorum.",2025-06-12
150,207,15,prova,3,extra,"Culpa porro nesciunt praesentium quod qui.
Voluptate velit velit ipsam eaque. Debitis modi quos perferendis.
Voluptatibus repellendus explicabo. Tempora aliquid officia natus quae earum.",2025-01-16
